{
    "getAll": ["select heroID, name, strength, superproperty, yearOfBirth from superhero"],
    "get": ["select heroID, name, strength, superproperty, yearOfBirth from superhero","where heroID=?"],
    "insert":[
        "insert into superhero (heroID, name, strength, superproperty, yearOfBirth)","values(?,?,?,?,?)"
    ],
    "update":[
        "update superhero set name=?, strength=?, superproperty=?, yearOfBirth=?","where heroID=?"
    ],
    "remove":[
        "delete from superhero where heroID=?"
    ],
    "primaryKey":"heroID"
    
}